,intensity
0,20.646190719656502
1,20.676113239319108
2,20.653204903187735
3,20.655749849923183
4,20.669845624370442
5,21.41959634423044
6,21.412067066532362
7,21.422071975824913
8,21.43379831710469
9,21.41571151674247
10,21.410795229083362
11,21.41229154584211
12,21.42714915092132
13,21.423329823061973
14,21.429795844652688
15,21.414190399153465
16,21.40683917869825
17,21.40689005219621
18,21.428055335103732
19,21.437038958924738
20,21.4437917798602
21,21.43985607887427
22,21.428211135191233
23,21.434063495212804
24,21.434842495650315
25,21.431495655403275
26,21.404319032793058
27,21.41207978490685
28,21.421865938158177
29,20.6590311905416
30,20.651093653022393
31,20.68732194275714
32,20.67092668620209
33,20.663606625764373
34,20.67678604132963
35,20.677062665974788
36,20.6814600439547
37,21.430362448236217
38,21.45104316107567
39,21.444807342063225
40,21.433234257196055
41,21.436962012759075
42,21.424812785527507
43,21.42283062686324
44,21.428078228177814
45,20.671116825900715
46,20.65785410498255
47,20.671340669291737
48,20.665924549515175
49,20.66900048838558
50,20.67286242279947
51,20.66150427846118
52,20.66950795152773
53,20.662456248791756
54,20.647057476877997
55,20.657857284576174
56,20.64360571004141
57,20.663546213485546
58,20.651425602596582
59,20.664753187224647
60,20.65103260482484
61,20.667613549647445
62,20.659281742519052
63,20.650291123592076
64,20.656851261154014
65,20.656324084531406
66,20.653501877232074
67,20.654859563708882
68,20.64809402439893
69,21.409036277891396
70,21.464438789007254
71,21.48594238067621
72,21.503311864717194
73,21.482762787053712
74,21.46620473530519
75,21.492281218522024
76,21.470982392682355
77,20.721571889339966
78,20.71505563017002
79,20.6970362371926
80,20.715313177253442
81,20.714810165542364
82,20.686893333536826
83,20.68326732496973
84,20.693018502691206
85,21.459839824791672
86,21.453507346133105
87,21.450681959240153
88,21.454576961427716
89,21.461292899077154
90,21.44948007285085
91,21.443621989560757
92,21.449550659829267
93,21.43665931544621
94,21.434268261042092
95,21.444443596552812
96,21.44546615386181
97,21.425880493065943
98,21.44975860525218
99,21.436728630587183
100,21.43502246064935
101,21.43588985378957
102,21.42696537040994
103,21.441351759714294
104,21.430911882014183
105,21.43902048167028
106,21.44179181547165
107,21.436558204369017
108,21.423808669861522
109,20.68928883937202
110,20.659793657092273
111,20.665760482484256
112,20.68780524098776
113,20.682801196544673
114,20.657818493533977
115,20.683779239542954
116,20.670409684279072
117,21.44167607826379
118,21.43639922468789
119,21.42249804137033
120,21.415186883794757
121,21.436272676861716
122,21.431651455490776
123,21.423011863699724
124,21.427834035387605
125,21.436299385448145
126,21.428038801216893
127,21.410011141296053
128,21.41483458482138
129,21.41484666727715
130,21.42357528768963
131,21.429102057324258
132,21.453368715851166
133,21.435296541619607
134,21.41428324328724
135,21.443933589735764
136,21.436567743149883
137,21.43271026016707
138,21.423932038094076
139,21.415989413225073
140,21.429482972640233
141,21.43015005138223
142,21.428976781335532
143,21.42727506282877
144,21.428358668335317
145,21.427451212315457
146,21.421885015719912
147,21.428207319678886
148,21.409117039569406
149,21.42674216293764
150,21.40587003856211
151,21.416641229917687
152,21.407938682172908
153,21.425187341656237
154,21.411172964805715
155,21.43526983303318
156,21.397054933203098
157,20.65107075994831
158,20.633113051087168
159,20.657920240529897
160,20.663471175076054
161,20.66046264359045
162,20.646988797655748
163,20.643905863679375
164,20.64204834508511
165,21.397847287933825
166,21.403336538363703
167,21.419215428914463
168,21.40665412634942
169,21.39220923252241
170,21.405400094624706
171,21.403494882126104
172,21.399290823438438
173,20.64759673595637
174,20.64159620687199
175,20.64129605323403
176,20.636206159763134
177,20.64233514442986
178,20.650357259139422
179,20.622533271267667
180,20.644265157758717
181,21.388679247682713
182,21.416564919670748
183,21.41620117416033
184,21.38549075119807
185,21.38712887783238
186,21.384720017703977
187,21.39838082374368
188,21.419004939816652
189,20.63261576264461
190,20.619429987892108
191,20.622613397026953
192,20.643579637373705
193,20.627359258467894
194,20.623241048808033
195,20.64916427561226
196,20.63025841193289
197,21.398956966108077
198,21.393589812073298
199,21.414260986131886
200,21.39741995055096
201,21.386722525767425
202,21.403145762746355
203,21.385299975580722
204,21.38005491794105
205,20.65005011039549
206,20.62775162032091
207,20.64364513700233
208,20.622415626303635
209,20.631634540052705
210,20.640939938748307
211,20.63234613310542
212,20.63903091073736
213,21.398397357630515
214,21.39150972192546
215,21.372526276161697
216,21.397277504756673
217,21.38949767508114
218,21.38283515460456
219,21.40057156374958
220,21.392668365841498
221,21.396668930537327
222,21.402959438560078
223,21.38876827630414
224,21.38562493004894
225,21.40806459408036
226,21.402402373757415
227,21.38031246502447
228,21.397225359421263
229,21.38753713765351
230,21.390648687972487
231,21.36935113397027
232,21.390025487622477
233,21.38979655688166
234,21.489603364773156
235,21.827397667958852
236,22.28668424346021
237,22.667193843289276
238,23.009982652137197
239,23.28662319526266
240,23.44358001892494
241,23.57270903920312
242,23.64305436850727
243,23.575496906891324
244,23.454681888017255
245,22.56276263443322
246,22.32336085589573
247,21.98380569376189
248,21.57741420184569
249,21.156030290080686
250,20.769227002635247
251,20.62210402612863
252,20.61094492435111
253,20.60221248842628
254,20.600377226987373
255,20.625630831374703
256,20.61912919833542
257,20.594085447127174
258,20.619219498794298
259,20.597982357070908
260,20.6062830041818
261,20.61411943062381
262,20.614170940040495
263,20.63059672069432
264,20.606908112287986
265,20.60672814728895
266,20.60745118687871
267,20.615336579062504
268,20.597247235025385
269,21.372842327767774
270,21.37525754708342
271,21.356541823102674
272,21.355861390067457
273,21.373513857940843
274,21.373829273628196
275,21.33896375772005
276,21.37216952575725
277,20.590720165237123
278,20.592966230172053
279,20.60623594619619
280,20.614397327106417
281,20.594872714508103
282,20.61587456630343
283,20.590671199495336
284,20.617337815288504
285,20.6238578899708
286,20.63064886602973
287,20.62489125789811
288,20.612549983211746
289,20.627619349226215
290,20.628265442650306
291,20.611955399204337
292,20.622694158704963
293,21.37601365444685
294,21.38204788722363
295,21.36916862529634
296,21.389400379516296
297,21.39253164331573
298,21.3761134936866
299,21.398027252932856
300,21.364899066980048
301,20.617851001699176
302,20.617498066807077
303,20.619676724357213
304,20.629802458207422
305,20.859211409908124
306,21.291126771669568
307,21.707381363002757
308,22.07450423776238
309,23.12835383535301
310,23.368846214503016
311,23.52131218013288
312,23.597335627728093
313,23.611743002350355
314,23.55071769787247
315,23.38066985134764
316,23.198098221462512
317,22.156888144440035
318,21.769071202547746
319,21.39336088133248
320,20.957234465777397
321,20.664562411607296
322,20.626644485821558
323,20.633034833084054
324,20.60442167007519
325,20.624210824862896
326,20.595997654731743
327,20.607099523824058
328,20.591399962353613
329,20.59996387981645
330,20.61417729922774
331,20.575684502915053
332,20.593442533296706
333,21.373618148611662
334,21.358400613534386
335,21.361094365251365
336,21.36663448917921
337,21.37577709268134
338,21.365788081356897
339,21.344236795783605
340,21.367562930516975
341,20.60870839819704
342,20.61243996927241
343,20.604112613575083
344,20.60073842882289
345,20.59812098735285
346,20.626096959799764
347,20.596410365983946
348,20.588844204999848
349,21.385960695135477
350,21.41149028824924
351,21.39770102662719
352,21.39492714915092
353,21.41015231525289
354,21.39804442273842
355,21.374884898710867
356,21.39139080512398
357,21.41375161523356
358,21.393568190836664
359,21.41116406194357
360,21.385278354344088
361,21.375560244396283
362,21.37553035621623
363,21.415629483227008
364,21.3678802539605
365,20.60746008974085
366,20.623752327462533
367,20.620749519245443
368,20.62083536827325
369,20.615034517668366
370,20.627118881190032
371,20.616050079871393
372,20.625103654752092
373,20.629855239461556
374,20.60293044066624
375,20.71452590987251
376,21.061651684421516
377,21.48799131080655
378,21.877578014509123
379,22.216326831700293
380,22.52346031358424
381,23.436584912955446
382,23.556405354944395
383,23.634631625001273
384,23.591567208978155
385,23.46443242982001
386,23.310075241903483
387,23.075816138091024
388,22.763428695705258
389,21.639898939796304
390,21.201592594853636
391,20.795157224545445
392,20.6173403589634
393,20.6296383911765
394,20.62010596949625
395,20.598226549861117
396,20.614925139647752
397,21.390255054282022
398,21.38323959891334
399,21.371323753853666
400,21.395846051707824
401,21.37619997863313
402,21.36494294537204
403,21.388389904663065
404,21.366201428527823
405,20.62334470356013
406,20.60939328266333
407,20.63323641931972
408,20.6112768739253
409,20.61013667165227
410,20.619251294730525
411,20.613753141438497
412,20.592777998229604
413,20.622575241903483
414,20.624430216822848
415,20.622001643213984
416,20.609886119674815
417,20.616881225644313
418,20.608516350742246
419,20.61859375476939
420,20.620306919813192
421,21.373512586103395
422,21.37608805693762
423,21.349029079291434
424,21.38797655749214
425,21.36110199627606
426,21.358547510759745
427,21.36787453069198
428,21.369463055665783
429,21.36926528494246
430,21.37784192077979
431,21.34774261571177
432,21.370274487958245
433,21.406385132728957
434,21.37857577098786
435,21.359199327452355
436,21.367626522389426
437,20.627092172603604
438,20.592699144307765
439,20.60214762471638
440,20.611817404841123
441,20.59178532910066
442,20.609454966779605
443,20.614688577882237
444,20.614249793962333
445,20.62747054424468
446,20.844782414049224
447,21.25772895617757
448,21.66672962262039
449,22.050087502416492
450,22.378005351891986
451,22.605325310582707
452,22.774881591933497
453,23.590791388134264
454,23.618966403141947
455,23.557257486035226
456,23.41288549393079
457,23.207705045633528
458,22.915911195221963
459,22.555244803272185
460,22.167990649451074
461,21.758429738611966
462,21.420410320197796
463,21.3507854868085
464,21.373368232552934
465,21.367459275764883
466,21.373855982214625
467,21.387573385020808
468,21.358554505865715
469,21.378807881322302
470,21.376894401880286
471,21.36482021305821
472,21.366015104341546
473,21.372869672272927
474,21.358314764506577
475,21.369153999165675
476,21.353350147024408
477,20.595067941556525
478,20.591879445071886
479,20.582914262893887
480,20.58663565926966
481,20.594082903452275
482,20.579978862061598
483,20.602747931992308
484,20.594868263077032
485,21.344823112847592
486,21.35603690363542
487,21.361945224504748
488,21.34993589939257
489,21.362781457627463
490,21.355282704028163
491,21.34524345512449
492,21.35591544315904
493,21.353636310450433
494,21.341602184508
495,21.363692093240946
496,21.352214396182454
497,21.37476788966556
498,21.352682432363686
499,21.362791632327056
500,21.36150198915377
501,20.60059407527243
502,20.59416112145539
503,20.57769146240957
504,20.59053765656319
505,20.584955561999532
506,20.603327889869053
507,20.59142794277749
508,20.58863816733311
509,20.58006789068303
510,20.597929575816774
511,20.592498829909548
512,20.581492348625908
513,20.583033815614094
514,20.58531612791632
515,20.57708161635278
516,20.648625016533888
517,21.73199205355962
518,22.16949396131579
519,22.574332539706766
520,22.927459479258875
521,23.213455022740455
522,23.398985582450678
523,23.552668696519234
524,23.574092162428904
525,23.55433734725232
526,23.469071456915234
527,23.29337410844195
528,23.054689646225697
529,22.76811796037972
530,22.36922395022537
531,21.949756697496007
532,21.53405090402206
533,21.349621755542668
534,21.347721630393863
535,21.346690170222725
536,21.348980113549647
537,21.373726890713552
538,21.359189152752766
539,21.34572420968021
540,21.347753426330087
541,20.578686675213415
542,20.563056428883936
543,20.571912868960045
544,20.586817532024867
545,20.576897199922673
546,20.55930196473449
547,20.58682325529339
548,20.5933229805765
549,21.343456523508642
550,21.350364508612884
551,21.34047024917839
552,21.353027100312364
553,21.341851464648006
554,21.35398860942381
555,21.360401849760386
556,21.34524091144959
557,20.58369707884375
558,20.594413581189016
559,20.56549072576132
560,20.572008892687442
561,20.571021310908296
562,20.579259002065463
563,20.567838537692175
564,20.569837230243277
565,21.32257549627097
566,21.327914033963147
567,21.32518403487887
568,21.331384878361465
569,21.331439567371774
570,21.328860916943928
571,21.324281666208805
572,21.32133736251437
573,20.56392064243053
574,20.57045534324349
575,20.56415211684625
576,20.563860866070428
577,20.581079637373705
578,20.586476679588536
579,20.567883687921615
580,20.57338883631961
581,21.340779941597223
582,21.33329772188476
583,21.354339000641005
584,21.335062396345247
585,21.33432218694993
586,21.34612992582644
587,21.53654243358465
588,21.91056884201744
589,21.589873121496087
590,21.97929703000519
591,22.30907430583112
592,22.55523144897897
593,22.718367494887215
594,22.825046040515655
595,22.830574717906455
596,22.777261199800577
597,23.3722331176297
598,23.17529926335175
599,22.89361397698483
600,22.557787842251457
601,22.158542804961183
602,21.716764979701473
603,21.407215642583154
604,21.34940554317634
605,20.556053691889748
606,20.555486452387495
607,20.55173771150657
608,20.542032319933256
609,20.564714268998706
610,20.547990878381817
611,20.56019352278624
612,20.56557212335806
613,21.33929252770062
614,21.346838339285533
615,21.332864661233376
616,21.32265435019281
617,21.319661716675316
618,21.332692963177763
619,21.319390179379955
620,21.341371981929733
621,21.355524353143473
622,21.338775525777603
623,21.352064955282195
624,21.342835230914808
625,21.336742493615375
626,21.32954961692256
627,21.336257923547308
628,21.333148280984503
629,21.32340600612517
630,21.325615823692804
631,21.332293606218776
632,21.322627005687657
633,21.32542314031928
634,21.32748351698666
635,21.336432801196544
636,21.30873790482586
637,20.57207057680372
638,20.562804605069037
639,20.564482158664266
640,20.562512082455765
641,20.574552567585442
642,20.549443952667296
643,20.556593586886848
644,20.574586907196565
645,20.56434988756957
646,20.55556530630933
647,20.568192108502995
648,20.580460252536042
649,20.559590671835416
650,20.555979925317704
651,20.551740255181464
652,20.573834615345483
653,21.312903172471334
654,21.326993859568795
655,21.330107317643947
656,21.32060224046885
657,21.377998356786016
658,21.67056739212275
659,22.0816894834305
660,22.510899011019198
661,22.86956861817405
662,23.14374243256718
663,23.358057217423156
664,23.48379233946868
665,23.55526706042754
666,23.544378224107934
667,23.44351324745887
668,23.29726084368609
669,22.330637673860178
670,21.983167231362494
671,21.626117309198946
672,21.212289383718446
673,20.797199795488538
674,20.588730375548163
675,20.571250241649114
676,20.5450236816133
677,21.31400839921451
678,21.3198067061445
679,21.329931804075983
680,21.31563762298668
681,21.341651786168512
682,21.314311096527376
683,21.314962277301262
684,21.307878142710337
685,20.548781961275093
686,20.549662708708524
687,20.55320604784144
688,20.552837214981228
689,20.55275009411597
690,20.553806355117366
691,20.55199780226489
692,20.552014336151725
693,21.302489367438927
694,21.29557184355382
695,21.319691604855368
696,21.32240252637791
697,21.326890204816703
698,21.311586820711618
699,21.313553081407772
700,21.31232448643204
701,21.325428863587803
702,21.322430506801787
703,21.295993457668164
704,21.307082608385986
705,21.305403147034585
706,21.31549072576132
707,21.31838097636417
708,21.33077884781702
709,21.322111275602087
710,21.32489024042815
711,21.32444318956483
712,21.326191966057202
713,21.30800023910544
714,21.311024032640436
715,21.304666117232888
716,21.291389406102784
717,20.547836350131764
718,20.553816529816956
719,20.551341534141205
720,20.552164412970708
721,20.54464085854115
722,20.568131060305443
723,20.547940004883856
724,20.540279092009808
725,20.54809707680881
726,20.538573557990702
727,20.5362556342399
728,20.719519779616007
729,21.101292949950654
730,21.512023315324114
731,21.922361954763286
732,22.266363460618827
733,23.239293036435598
734,23.405578151867566
735,23.504322339570425
736,23.522033947885188
737,23.4846521015842
738,23.373061719727726
739,23.170103807372588
740,22.89054757689529
741,21.828962028021124
742,21.41635188689804
743,20.984380564288838
744,20.61274139474782
745,20.5317755868258
746,20.545451018996165
747,20.52537379302626
748,20.53038228890042
749,21.300675727236655
750,21.28857928125922
751,21.2864139780023
752,21.294242773419615
753,21.287649568084003
754,21.308501343060346
755,21.289269253075304
756,21.2984239390332
757,20.534837535484264
758,20.535616535921775
759,20.532992099345766
760,20.51061920678042
761,20.533640100526032
762,20.51985211074143
763,20.523902913016492
764,20.537518568826755
765,20.527925098948952
766,20.516287150371884
767,20.512303755481618
768,20.53024238678103
769,20.530913281035378
770,20.54020596135649
771,20.50805009513344
772,20.557993879918197
773,21.297840801562835
774,21.29068798774966
775,21.311141677604468
776,21.306290889573987
777,21.280417264430266
778,21.28391990476481
779,21.290843787837165
780,21.30628007895567
781,20.558214543715597
782,20.545681857493157
783,20.554525579194774
784,20.534438814444005
785,20.547943820396203
786,20.552952952189088
787,20.5599277087594
788,20.54822171687881
789,21.322212386679283
790,21.300250933528687
791,21.312204933711833
792,21.30201497207045
793,21.31247329141357
794,21.31989700660338
795,21.317927566313603
796,21.301494154635083
797,21.308089903645595
798,21.339670899341698
799,21.63680328744544
800,22.039033963147237
801,22.459673214085853
802,22.818737090849893
803,23.111774798286582
804,23.316276721304803
805,22.733513171148623
806,22.79667579845955
807,22.77612990038969
808,22.717755105155522
809,22.560443438844967
810,22.315432857157393
811,22.02099549260808
812,21.64490044056449
813,21.96122167618001
814,21.54319795895526
815,21.34050395287079
816,21.305225089791723
817,21.306781182910573
818,21.300715154197572
819,21.31058079728946
820,21.28814812836401
821,21.303655006460936
822,21.304900771242227
823,21.294958181984676
824,21.294041823102674
825,21.3122793362026
826,21.29579250735122
827,21.29673748257583
828,21.30399395114109
829,20.535257877761158
830,20.540319790808176
831,20.52995113600521
832,20.55928352309148
833,20.524878412339877
834,20.522197378997387
835,20.543661543705422
836,20.532983832402348
837,21.301981904296774
838,21.30338855651537
839,21.304869611224728
840,21.317905309158245
841,21.314904408697334
842,21.307442538384056
843,21.289751279468472
844,21.290605954234202
845,21.28889724062147
846,21.29360876245129
847,21.28837324359248
848,21.30380444736119
849,21.293431977045877
850,21.28698058158583
851,21.297816000732578
852,21.30858528433198
853,20.538331908875392
854,20.540030447788528
855,20.555679771679742
856,20.521568455378855
857,20.551592086118657
858,20.554390128506455
859,20.5512817577811
860,20.56530821708739
861,21.329950245718994
862,21.327576997039163
863,21.3312169958182
864,21.324850813467233
865,21.32570421639551
866,21.324618067214065
867,21.325998646764955
868,21.32272493717123
869,20.710483374540868
870,21.083829985857168
871,21.514164453669505
872,21.912341783421343
873,22.23248870608345
874,22.4832842404078
875,22.69081695206699
876,22.794600159742785
877,23.541226610909312
878,23.48541393221615
879,23.37285886165461
880,23.204278079627198
881,22.94171995665578
882,22.595234552262344
883,22.207215388215662
884,21.765218170996
885,21.43254682905487
886,21.31244594690842
887,21.312358826043162
888,21.306651455490776
889,21.314915855234375
890,21.30920848468199
891,21.321007320696356
892,21.302920520334137
893,20.53881838669963
894,20.529372449965916
895,20.552738011660207
896,20.5312980118637
897,20.529582303145
898,20.536527807453986
899,20.537155459235066
900,20.529260528270402
901,21.31636511400751
902,21.293520369748585
903,21.2985174190857
904,21.289878463213373
905,21.288697562141977
906,21.285699841274685
907,21.301200360184364
908,21.308734725232238
909,21.29770853046814
910,21.293116561358527
911,21.27307876234954
912,21.300893847359156
913,21.30224835424234
914,21.27991870415026
915,21.285296668803355
916,21.303986320116397
917,20.518004130928034
918,20.531150478719617
919,20.537013013440777
920,20.530155265915774
921,20.514661742112065
922,20.528030025538495
923,20.531822644811413
924,20.530403910137053
925,21.279149242493617
926,21.286929708087868
927,21.29771488965538
928,21.26924735203443
929,21.28909628318224
930,21.285259785517333
931,21.293182696905873
932,21.303615579500015
933,20.534824817109776
934,20.52645294710174
935,20.521363689549567
936,20.524509579479666
937,20.512568933589737
938,20.525684121363817
939,20.573931274991605
940,20.819837866162
941,22.000848315578484
942,22.408809890825474
943,22.78461750760559
944,23.064272941403907
945,23.28973347374419
946,23.44309481293815
947,23.504268922397568
948,23.500847043741032
949,23.425277642115116
950,23.278831283131364
951,23.027263743475473
952,22.75678207319679
953,22.39753886735244
954,21.97017286814607
955,21.564838273149984
956,21.33394572306503
957,21.29102566059237
958,21.284027375029254
959,21.268850538750343
960,21.275136595342023
961,21.26729253787532
962,21.284193985735072
963,21.28165158267452
964,21.269414598658976
965,20.5104188923822
966,20.53395106478231
967,20.512146047637945
968,20.515698289632997
969,20.526571227984494
970,20.488096237396093
971,20.512339366930192
972,20.515761245586724
973,21.249903976272602
974,21.26917803689346
975,21.292981746588932
976,21.28246555864188
977,21.266017520832698
978,21.265064914583398
979,21.26946229256331
980,21.279584210901174
981,21.272761438906016
982,21.263429331623986
983,21.257004644750364
984,21.26850523488294
985,21.25969076544265
986,21.261261484692163
987,21.28743589939257
988,21.242243699317278
989,20.5050848061211
990,20.48752518238149
991,20.491932735061
992,20.501282648067317
993,20.49969221533734
994,20.50852894193299
995,20.48355768545934
996,20.517017820986336
997,20.493340023198314
998,20.4990473937507
999,20.497068414680058
1000,20.50516556779911
1001,20.519441307245405
1002,20.50789429504594
1003,20.496298953023413
1004,20.50012146047638
1005,21.252465456894885
1006,21.27041998616241
1007,21.27669396029832
1008,21.25894610461626
1009,21.258853260482486
1010,21.39560503851124
1011,21.740035789505814
1012,22.17461819439781
1013,21.83605506547419
1014,22.168081585828677
1015,22.42257498753599
1016,22.614633888871932
1017,22.727870664306135
1018,22.761012840470887
1019,22.715247677624816
1020,22.625297609963066
1021,23.15015440106631
1022,22.89172021102327
1023,22.569240738479696
1024,22.194285888709135
1025,21.75539767813355
1026,21.402719061282216
1027,21.244104397505165
1028,21.2542282235992
1029,21.24238105776177
1030,21.26429227333313
1031,21.247596863140117
1032,21.261178179339254
1033,21.284101777520018
1034,21.254170354995267
1035,21.233052765992085
1036,21.268025116245944
1037,21.290556988492416
1038,21.259683770336682
1039,21.258294923842374
1040,21.28378954142629
1041,21.272470188130196
1042,21.254190704394453
1043,21.28914588484275
1044,21.25556810435172
1045,20.486427586663005
1046,20.509042764262386
1047,20.505559201489575
1048,20.49523633283477
1049,20.499842928075047
1050,20.502169754687994
1051,20.50008203351546
1052,20.480759007152813
1053,21.266676968550005
1054,21.254355407344097
1055,21.257598592839045
1056,21.26431771008211
1057,21.276492374062656
1058,21.256114358536063
1059,21.28098577576997
1060,21.266321489983007
1061,20.495710092284526
1062,20.508593169724165
1063,20.494553992043386
1064,20.491614139780022
1065,20.495470350925387
1066,20.50188359126197
1067,20.498930384705393
1068,20.478860789760184
1069,21.253868929519857
1070,21.262816305973566
1071,21.241806187234822
1072,21.257866950540784
1073,21.268580273292432
1074,21.26404808054292
1075,21.24673646510587
1076,21.239484447971673
1077,21.258588718293094
1078,21.246918337861075
1079,21.260190597560108
1080,21.285664865744838
1081,21.496142517017184
1082,21.929392672181354
1083,22.33289073390108
1084,22.69512021407568
1085,22.261926019759265
1086,22.509930506801787
1087,22.670551494154633
1088,22.721603685276193
1089,22.74882736587202
1090,22.670784876326525
1091,22.521312816051605
1092,22.314059272712473
1093,22.75760495202629
1094,22.38628628552242
1095,21.972307647304213
1096,21.57521201530275
1097,21.286827325173224
1098,21.244698345593847
1099,21.248947554510952
1100,21.264090051178737
1101,20.480965044819552
1102,20.507455511126032
1103,20.491220506089558
1104,20.49018459448735
1105,20.490451680351637
1106,20.490063769929694
1107,20.480715764679548
1108,20.477740300967614
1109,21.253219656502143
1110,21.253901361374805
1111,21.233865470121994
1112,21.235308369707884
1113,21.243403615070765
1114,21.248736429494418
1115,21.229355534527844
1116,21.251813640202272
1117,20.501957993752736
1118,20.478555548772423
1119,20.469596089862947
1120,20.47733840033373
1121,20.48282765076361
1122,20.47005840277566
1123,20.484079138813428
1124,20.511750506191305
1125,20.466232079810343
1126,20.483494729505612
1127,20.479967924259537
1128,20.474093307082608
1129,20.481864869814718
1130,20.482698559262538
1131,20.471753762095172
1132,20.477343487683527
1133,21.248828637709472
1134,21.248286834956197
1135,21.240555335103732
1136,21.242521595799882
1137,21.22684683515969
1138,21.23487403721905
1139,21.242049744106307
1140,21.249349455144838
1141,20.479214360571003
1142,20.471743587395583
1143,20.47590694728488
1144,20.480972039925522
1145,20.462731983150697
1146,20.484604407679864
1147,20.492765152671367
1148,20.460014066522184
1149,21.223077744879582
1150,21.241200156690375
1151,21.35106529104728
1152,21.668734038440014
1153,22.113627229531048
1154,22.497551712910678
1155,22.841806314418566
1156,23.10581751167547
1157,23.31802994922825
1158,23.411526535616535
1159,23.448325244447158
1160,23.42163509966118
1161,23.29845382721325
1162,23.17208024276833
1163,22.88457630007224
1164,22.572096649471423
1165,21.43748600978806
1166,21.01605186044382
1167,20.640067458258294
1168,20.485457810608143
1169,20.476263061770602
1170,20.447678515104343
1171,20.469577648219936
1172,20.468206607449915
1173,21.23912515389233
1174,21.240845314042105
1175,21.22907954580141
1176,21.24809796709502
1177,21.22717178962791
1178,21.20270926813386
1179,21.21917829126095
1180,21.223407150778872
1181,21.234761479604813
1182,21.20914667338197
1183,21.239106076330597
1184,21.233426050283366
1185,21.225522216456557
1186,21.23727526632276
1187,21.22204437695227
1188,21.22774983974848
1189,21.214403177558683
1190,21.215395210768904
1191,21.238619598506354
1192,21.220004349684075
1193,21.236437761362595
1194,21.252742081540042
1195,21.220944237558886
1196,21.237195140563475
1197,21.230331033851225
1198,21.222653587090342
1199,21.22005140766969
1200,21.228691635379466
1201,21.228675737411354
1202,21.22141672517119
1203,21.215902673911053
1204,21.22837431193594
1205,20.46071421303786
1206,20.4516720846942
1207,20.453785242615712
1208,20.473501902668822
1209,20.471022455562
1210,20.46543718140472
1211,20.465306182147472
1212,20.459200090554827
1213,21.234149725791845
1214,21.2367805215551
1215,21.224813167078743
1216,21.21965840989795
1217,21.23617703468555
1218,21.232720816417896
1219,21.2186085080838
1220,21.245250958965435
1221,20.467688969608172
1222,20.692851891985388
1223,21.110017754850787
1224,21.547409012748897
1225,21.91665140461728
1226,22.214978684004354
1227,22.4836657916425
1228,22.61096082231922
1229,23.43631273974136
1230,23.444417523885107
1231,23.40208950174496
1232,23.233583122208316
1233,23.04682142384746
1234,22.73955312719392
1235,22.417422138111373
1236,21.981881403701557
1237,20.81361794511767
1238,20.50309374459469
1239,20.428943713561857
1240,20.436287938911104
1241,20.439585813416357
1242,20.452374138966047
1243,20.441625840684555
1244,20.46925841702024
1245,21.207632550898936
1246,21.22868082476115
1247,21.22344530590234
1248,21.223217011080248
1249,21.219660953572845
1250,21.22729897337281
1251,21.204628470844398
1252,21.211968244762573
1253,20.453234537000295
1254,20.445677914797066
1255,20.439863709898965
1256,20.454557247947253
1257,20.45846687626548
1258,20.460529796607755
1259,20.443610543023716
1260,20.443392422901216
1261,20.44819233743374
1262,20.435552180946857
1263,20.430386613147746
1264,20.447621282419135
1265,20.45452290833613
1266,20.44543435792558
1267,20.435482229887164
1268,20.4516383810018
1269,21.211745037290274
1270,21.211468412645118
1271,21.217495650315925
1272,21.211076686710825
1273,21.213486182757954
1274,21.216169759775344
1275,21.212990166152846
1276,21.205922565448756
1277,20.445919563912376
1278,20.432925836614675
1279,20.45728025192556
1280,20.45435438987414
1281,20.473514621043314
1282,20.438640838191752
1283,20.445600332712676
1284,20.4474177884273
1285,21.218582435416096
1286,21.227584500880113
1287,21.237321052470925
1288,21.229992089171066
1289,21.213140242971825
1290,21.233506176042653
1291,21.228992424936155
1292,21.306509009696487
1293,21.643103334249055
1294,22.06513333943815
1295,22.473267884578206
1296,22.820567264939
1297,23.087099879938545
1298,23.288302656614064
1299,23.39992292665059
1300,23.461219132505114
1301,22.71414563047526
1302,22.6124189839545
1303,22.439244325061303
1304,22.17802989835475
1305,21.859061969007865
1306,21.473700309310868
1307,21.040167806233022
1308,20.655901834498337
1309,20.466677222917493
1310,20.43040569070948
1311,20.46151419879328
1312,20.440383255496883
1313,20.440061480622283
1314,20.45955366136565
1315,20.46045857371061
1316,20.44609126196799
1317,21.21573987871758
1318,21.22708148916903
1319,21.201822797431905
1320,21.210350467527448
1321,21.213978383850716
1322,21.200929331623986
1323,21.214794903492976
1324,21.207017617492344
1325,20.44707184864117
1326,20.44985462897958
1327,20.42575712483339
1328,20.457015073817445
1329,20.445548823295994
1330,20.450007249473458
1331,20.447249269965305
1332,20.434744564166742
1333,21.22068160312567
1334,21.209447462938655
1335,21.20922298362891
1336,21.197482016218473
1337,21.21312816051606
1338,21.20708375303969
1339,21.195475692642674
1340,21.208752403772777
1341,21.186137226173397
1342,21.200724565794694
1343,21.204043425617858
1344,21.201764292909253
1345,21.21065761627138
1346,21.197312861837755
1347,21.211399097504145
1348,21.225213795875177
1349,21.192804833999777
1350,21.190326022811675
1351,21.213541507686987
1352,21.183149680005698
1353,21.192178454056144
1354,21.17540546177874
1355,21.20533561246604
1356,21.193946944028976
1357,21.201303887752715
1358,21.19396665750944
1359,21.20656929479157
1360,21.19591574840003
1361,21.20168607490614
1362,21.20384756265071
1363,21.402963254072425
1364,21.812160419401117
1365,21.47378234282633
1366,21.85185192250949
1367,22.186621796241464
1368,22.426314189636052
1369,22.58075086739314
1370,22.67884260248466
1371,22.714180606005108
1372,22.643857533856313
1373,23.24541248232146
1374,23.03342261632225
1375,22.759992826836786
1376,22.411997115472666
1377,21.995907863007844
1378,21.586676993986753
1379,21.259377893430198
1380,21.183746807688003
1381,21.18685835800698
1382,21.20216937313676
1383,21.20078307031735
1384,21.185533103385122
1385,21.21564067539656
1386,21.192177182218696
1387,21.21112247285899
1388,21.223218918836423
1389,21.213687133074895
1390,21.201502294394757
1391,21.193187657071924
1392,21.197134804594896
1393,21.209120600714265
1394,21.20062218288005
1395,21.229342816153352
1396,21.2551159661386
1397,21.25315860830459
1398,21.272650789047955
1399,21.28554086159356
1400,21.26100775312109
1401,21.275307021560188
1402,21.273025981095408
1403,21.25141873467436
1404,21.253877196463275
1405,21.252521417742642
1406,21.260426523406895
1407,21.242236068292584
1408,21.241717794532118
1409,21.249444842953512
1410,21.226402327971268
1411,21.239731184436778
1412,21.248706541314366
1413,20.47585607378692
1414,20.487104840104596
1415,20.475255766510994
1416,20.483680417773165
1417,20.472258045643702
1418,20.478140293845325
1419,20.47807606605415
1420,20.4750586317064
1421,21.208092956055474
1422,21.25159679191722
1423,21.235634596013554
1424,21.222601441754932
1425,21.245256682233958
1426,21.254274645666086
1427,21.24388055411414
1428,21.245225522216458
1429,21.234261647487358
1430,21.23455734969425
1431,21.253896909943734
1432,21.24965406021387
1433,21.31877015862357
1434,21.629746497359665
1435,22.066092304874697
1436,22.471316885931444
1437,22.065649705442446
1438,22.341125881383352
1439,22.550243302503993
1440,22.67554345614196
1441,22.719026306685794
1442,22.711080502223172
1443,22.618147975743515
1444,22.442434093383394
1445,22.937202390036934
1446,22.624753263534895
1447,22.239574748430552
1448,21.846693985735072
1449,21.41034563454514
1450,21.236625357386323
1451,21.215789480378092
1452,21.237805622538996
1453,21.2006857747525
1454,21.22438328602098
1455,21.21039307408199
1456,21.20852347303196
1457,21.21889276375365
1458,21.216510612211675
1459,21.211305617451643
1460,21.20242946389508
1461,21.20451146179909
1462,21.1986870822014
1463,21.197707767365667
1464,21.207793438336232
1465,21.22067015658863
1466,21.205970895271818
1467,21.18896579265997
1468,21.212193359991048
1469,20.429896319811157
1470,20.428574244782922
1471,20.442118041777317
1472,20.46971373482698
1473,20.432767492852275
1474,20.460590844805306
1475,20.432361140787318
1476,20.430995187367092
1477,20.444550430898527
1478,20.47975107597448
1479,20.446840374225452
1480,20.43591847013217
1481,20.454923537132565
1482,20.443136783573966
1483,20.44061918134367
1484,20.449350981349777
1485,21.220770631747097
1486,21.215112862855225
1487,21.20362244742224
1488,21.219787501399022
1489,21.207993116815725
1490,21.1893091887712
1491,21.194785084907867
1492,21.227589588229907
1493,21.213102087848355
1494,21.222069177782526
1495,21.213517342775454
1496,21.21278730807973
1497,21.232768510322234
1498,21.197143071538314
1499,21.20504690536512
1500,21.195241038633334
1501,20.46536850218247
1502,20.445548823295994
1503,20.450436494612497
1504,20.61590954183328
1505,21.016996835668426
1506,21.462693192108503
1507,21.83606905568613
1508,22.145495660490624
1509,23.15182495955557
1510,23.306843502945576
1511,23.41891145976415
1512,23.433317562548964
1513,23.353408651547063
1514,23.25383268215256
1515,23.053480128811696
1516,22.77079454229114
1517,22.439883423379424
1518,22.03688582969588
1519,21.61604690027777
1520,21.290546813792822
1521,21.208162271196443
1522,21.192732975183908
1523,21.193064288839373
1524,21.20578075557319
1525,20.422536832412522
1526,20.417745184823417
1527,20.43180598374083
1528,20.434890189554654
1529,20.440284688094582
1530,20.438280272274962
1531,20.419812556596767
1532,20.44174666524221
1533,20.431767192698636
1534,20.408715138935523
1535,20.442781940925695
1536,20.429563734318243
1537,20.429692189900592
1538,20.442822003805336
1539,20.430216822848305
1540,20.42378577678744
1541,21.212923394686772
1542,21.191753024429453
1543,21.217887376250218
1544,21.2056122371112
1545,21.19019629539188
1546,21.18671273261907
1547,21.222052007976963
1548,21.195197160241342
1549,21.206220811330546
1550,21.220810058708018
1551,21.18793624024501
1552,21.1986870822014
1553,21.21809532167313
1554,21.18890029303135
1555,21.188604590824458
1556,21.21114790960797
1557,20.429116047536198
1558,20.43537857513507
1559,20.440609642562805
1560,20.447780262100263
1561,20.430603461432803
1562,20.436275220536615
1563,20.428643559923895
1564,20.437865017347864
1565,21.1897556037158
1566,21.21561269497268
1567,21.19367922224596
1568,21.195220053315428
1569,21.206438295534323
1570,21.186118148611662
1571,21.193719285125606
1572,21.19346936906688
1573,21.203998275388418
1574,21.23955630678754
1575,21.545024317532025
1576,21.979312292054576
1577,22.38362242198549
1578,22.725453537234312
1579,23.019103634402693
1580,23.21872297345421
1581,22.62278827467619
1582,22.687120356521472
1583,22.688581697750372
1584,22.57155484671815
1585,22.42506015791134
1586,22.203960756183672
1587,21.862576691798175
1588,21.48366134021143
1589,21.83479403864351
1590,21.41915310887946
1591,21.20098847206536
1592,21.18852891649624
1593,21.18474138457312
1594,21.181982133227518
1595,21.184449497878575
1596,21.185802732924312
1597,21.18299197216202
1598,21.179918576966514
1599,21.200989743902813
1600,21.17895388826145
1601,21.181718862875574
1602,21.204078401147704
1603,21.17866836075415
1604,21.177195572988207
1605,21.174148250460405
1606,21.171525721640567
1607,21.17842098837032
1608,21.18370102153984
1609,21.182112496566038
1610,21.176844545852283
1611,21.16267309707681
1612,21.17161093474965
1613,20.41996008974085
1614,20.383027837978084
1615,20.418926085894814
1616,20.414082928889023
1617,20.423321556118555
1618,20.39915982418119
1619,20.444650270138276
1620,20.44062744828709
1621,21.198823168808442
1622,21.20563894569763
1623,21.217029521890865
1624,21.178500478210882
1625,21.190329838324022
1626,21.17821940213465
1627,21.188851327289562
1628,21.18296653541304
1629,21.20589204134998
1630,21.16363142659463
1631,21.18268673117426
1632,21.20113346153455
1633,21.203062203025954
1634,21.1880061913047
1635,21.17466652422087
1636,21.19717105196219
1637,20.43053923364163
1638,20.421099656095155
1639,20.42264112308334
1640,20.431819338034046
1641,20.41557352237925
1642,20.448211414995473
1643,20.43221742315558
1644,20.442013115187773
1645,21.35584612801807
1646,21.73011100597255
1647,22.143886150198917
1648,22.538133502233347
1649,22.862584958741593
1650,23.125099839239745
1651,23.306785634341647
1652,23.38361097544845
1653,22.699495334900238
1654,22.636497410538954
1655,22.516187947050863
1656,22.324035565662424
1657,22.055784062350558
1658,21.702983985022843
1659,21.30420253248273
1660,20.896480698594875
1661,20.524694631828496
1662,20.4235511227781
1663,20.432182447625735
1664,20.427647075282604
1665,20.427432134753722
1666,20.416150300662373
1667,20.439409663929673
1668,20.417040586876674
1669,21.211660460099914
1670,21.191339041339806
1671,21.19219180834936
1672,21.18863893043558
1673,21.203071741806824
1674,21.201220582399806
1675,21.19047355595576
1676,21.206630978907846
1677,21.197565321571382
1678,21.18630320096049
1679,21.192140298932674
1680,21.18529081835109
1681,21.186688567707538
1682,21.17728778120326
1683,21.190399153464995
1684,21.19307827905131
1685,20.426104336456966
1686,20.424784169184903
1687,20.43052715118586
1688,20.427134524790656
1689,20.396708357498245
1690,20.42259279326028
1691,20.412306171972773
1692,20.406965726524426
1693,21.194802890632154
1694,21.174638543796995
1695,21.179383769319212
1696,21.195613687005892
1697,21.17667602739029
1698,21.181176424203574
1699,21.172652569620382
1700,21.204876479146954
1701,20.40791896869245
1702,20.42238929926844
1703,20.40977775912416
1704,20.422849068506252
1705,20.41554236236175
1706,20.421277713338014
1707,20.436394137338095
1708,20.402157545048482
1709,21.186184920077736
1710,21.177949772595465
1711,21.17426462358699
1712,21.17421247825158
1713,21.189515862356664
1714,21.186942935197337
1715,21.19889502762431
1716,21.487109291535667
1717,21.916591628257176
1718,22.329611301038838
1719,22.673550486859376
1720,22.972939750516367
1721,23.1902357223528
1722,23.314926665852692
1723,23.39710199118871
1724,23.385888200400885
1725,22.58139505306106
1726,22.41995563830978
1727,22.202377954478393
1728,21.912988512764162
1729,21.529140975550195
1730,21.119920281228698
1731,20.710424870018212
1732,20.460955226234447
1733,21.21360001220964
1734,21.18452262853189
1735,21.19025988726433
1736,21.194010535901427
1737,21.212228335520894
1738,21.20708184528352
1739,21.198936998260127
1740,21.204917177945322
1741,20.44106178077592
1742,20.427432134753722
1743,20.448107124324654
1744,20.442067804198082
1745,20.449867983272792
1746,20.442769222551203
1747,20.435556632377928
1748,20.428147543318783
1749,21.204534990791895
1750,21.21138256361731
1751,21.186723543237385
1752,21.181804075984658
1753,21.20434866660562
1754,21.22107650865358
1755,21.201630114058382
1756,21.192554282022325
1757,20.440389614684126
1758,20.40569643275032
1759,20.422924106915744
1760,20.441643010490115
1761,20.424566684981126
1762,20.422522206281858
1763,20.442860794847533
1764,20.440168314968002
1765,21.1810810363949
1766,21.202089883296196
1767,21.204544529572765
1768,21.17438226855102
1769,21.196134504441257
1770,21.202427556138904
1771,21.193732639418823
1772,21.190514254754127
1773,20.435766485557014
1774,20.444799075119807
1775,20.425725328897165
1776,20.463865190317755
1777,20.449590722708912
1778,20.455668197958957
1779,20.45845161421609
1780,20.48771023473032
1781,21.22192100871972
1782,21.205419553737677
1783,21.22403035112888
1784,21.2198778018579
1785,21.223995375599035
1786,21.34663420937497
1787,21.7303303979325
1788,22.130143946562477
1789,22.52545709837917
1790,22.878002808217087
1791,23.12339176154574
1792,23.295120341259423
1793,23.41196213994282
1794,23.44108276609383
1795,23.406062721935633
1796,23.28061376331614
1797,23.109065148601488
1798,22.84162698533826
1799,22.497891929428285
1800,22.133118774355687
1801,21.666830097778863
1802,21.338147238077795
1803,21.231358678510016
1804,21.22559725486605
1805,20.464905553351038
1806,20.45742714915092
1807,20.44821268683292
1808,20.454476486269243
1809,20.450201840603157
1810,20.451850141937058
1811,20.45486376077246
1812,20.433486716929682
1813,21.241868507269825
1814,21.254064792487
1815,21.276162968163366
1816,21.27178148815156
1817,21.286779631268885
1818,21.282845202120406
1819,21.268605074122686
1820,21.26759205559456
1821,20.524134387432213
1822,20.503201850777856
1823,20.502921410620353
1824,20.505553478221056
1825,20.49227358749733
1826,20.495441098664063
1827,20.51927978388938
1828,20.502118881190032
1829,21.257529277698076
1830,21.255292115625288
1831,21.268224794725437
1832,21.235029837306552
1833,21.244400099712056
1834,21.262915509294587
1835,21.258619878310594
1836,21.230495736800872
1837,21.273362382100668
1838,21.25933719463183
1839,21.244422992786138
1840,21.242774691452237
1841,21.236998641677605
1842,21.237766195578075
1843,21.236966845741378
1844,21.23304513496739
1845,21.247963788244153
1846,21.24441472584272
1847,21.24530946348809
1848,21.24075056215215
1849,21.230633731164087
1850,21.208323794552467
1851,21.218879409460435
1852,21.233443220088926
1853,20.471612588138335
1854,20.525598908254732
1855,20.52747105297966
1856,20.55848226549861
1857,20.813293626568175
1858,21.221731504939818
1859,21.640211811808758
1860,22.011224601406145
1861,23.063133375049603
1862,23.2395162439079
1863,23.39834266862021
1864,23.471547724428437
1865,23.4764239492079
1866,23.39741168360754
1867,23.242595362371926
1868,23.03474214767559
1869,21.995337443911968
1870,21.637269415870495
1871,21.217512820121485
1872,20.780608040047618
1873,20.5273241557543
1874,20.518864528962283
1875,20.491671372465227
1876,20.486818040759847
1877,21.26681941434429
1878,21.26059377003144
1879,21.251341788508693
1880,21.242807759225908
1881,21.248840084246513
1882,21.255263499282684
1883,21.23837476979742
1884,21.24576541721356
1885,20.475690098999827
1886,20.483139250938617
1887,20.498751691543806
1888,20.466757984595503
1889,20.48874360265763
1890,20.484098852293886
1891,20.47829672985155
1892,20.47177283965691
1893,21.23436530223945
1894,21.256942324715364
1895,21.22916285115432
1896,21.243802336111028
1897,21.2799015343447
1898,21.273473667877457
1899,21.26508780765748
1900,21.27116782658242
1901,20.529409333251937
1902,20.504574799304052
1903,20.507472680931595
1904,20.501484234302982
1905,20.50176213078559
1906,20.511514580344514
1907,20.50051573008557
1908,20.491203336283995
1909,21.250340216517607
1910,21.26438003011711
1911,21.272526784896677
1912,21.248042006247264
1913,21.263758737523275
1914,21.24359375476939
1915,21.271704541985898
1916,21.24388754922011
1917,20.485202807199617
1918,20.473243719666677
1919,20.496476374347548
1920,20.502810760762287
1921,20.475308547765128
1922,20.49258455175361
1923,20.486474008729893
1924,20.48064835729475
1925,21.25917503535708
1926,21.236487998941833
1927,21.34291217708047
1928,21.709298657957124
1929,22.111652065972752
1930,22.526023066043976
1931,22.863633588718294
1932,23.08516287150372
1933,22.543314332081845
1934,22.659960267798095
1935,22.719150310837072
1936,22.685449798032213
1937,22.566756204023076
1938,22.39093421547979
1939,22.126133207167058
1940,21.80025156944741
1941,22.16279074204084
1942,21.726933320106223
1943,21.351440483094738
1944,21.224737492750528
1945,21.218202791937568
1946,21.205041182096597
1947,21.191917091460375
1948,21.21003441592137
1949,20.451486396426645
1950,20.437194123093516
1951,20.441833786107466
1952,20.42790780195965
1953,20.451346494307256
1954,20.44376634311122
1955,20.46211005463814
1956,20.422572443861096
1957,21.191520914095012
1958,21.209447462938655
1959,21.210351739364896
1960,21.20824812022425
1961,21.21489919416379
1962,21.204016081112705
1963,21.19858533520548
1964,21.215792659971715
1965,20.437409063622397
1966,20.435828805592013
1967,20.427432134753722
1968,20.456019225094877
1969,20.444462038195823
1970,20.409253762095172
1971,20.432408198772933
1972,20.44555581840196
1973,21.196972645320148
1974,21.197693141235003
1975,21.200219010408716
1976,21.18221869499303
1977,21.181276899362047
1978,21.192015658862672
1979,21.1777742590275
1980,21.180784062350558
1981,20.42312442131396
1982,20.399263478933285
1983,20.398920082822055
1984,20.405580695542465
1985,20.401363918480307
1986,20.39898431061323
1987,20.407043944527537
1988,20.41002894702034
1989,21.172763855397168
1990,21.169623052816867
1991,21.185877135415076
1992,21.182621867464363
1993,21.168971236124253
1994,21.178741491407465
1995,21.17263794348972
1996,21.181412350050365
1997,20.4300972701281
1998,20.664124263606116
1999,21.09413314103151
